{
  "model_name": "cnn",
  "split": "test",
  "loss": 2.485213593460116,
  "metrics": {
    "accuracy": 0.2440087145969499,
    "macro_precision": 0.15933881037373418,
    "macro_recall": 0.1645657246112712,
    "macro_f1": 0.14429494847203667,
    "weighted_precision": 0.19221832008956646,
    "weighted_recall": 0.2440087145969499,
    "weighted_f1": 0.19708321160559553,
    "per_class": {
      "Alambadi Cow": {
        "precision": 0.13043478260869565,
        "recall": 0.21428571428571427,
        "f1": 0.16216216216216217,
        "support": 14
      },
      "Amritmahal Cow": {
        "precision": 0.0,
        "recall": 0.0,
        "f1": 0.0,
        "support": 14
      },
      "Banni Buffalo": {
        "precision": 0.0,
        "recall": 0.0,
        "f1": 0.0,
        "support": 5
      },
      "Bargur Cow": {
        "precision": 0.0,
        "recall": 0.0,
        "f1": 0.0,
        "support": 9
      },
      "Dangi Cow": {
        "precision": 0.42857142857142855,
        "recall": 0.25,
        "f1": 0.3157894736842105,
        "support": 12
      },
      "Deoni Cow": {
        "precision": 0.0,
        "recall": 0.0,
        "f1": 0.0,
        "support": 16
      },
      "Gir Cow": {
        "precision": 0.234375,
        "recall": 0.39473684210526316,
        "f1": 0.29411764705882354,
        "support": 38
      },
      "Hallikar Cow": {
        "precision": 0.2571428571428571,
        "recall": 0.32142857142857145,
        "f1": 0.2857142857142857,
        "support": 28
      },
      "Jaffrabadi Buffalo": {
        "precision": 0.14285714285714285,
        "recall": 0.125,
        "f1": 0.13333333333333333,
        "support": 16
      },
      "Kangayam Cow": {
        "precision": 0.0,
        "recall": 0.0,
        "f1": 0.0,
        "support": 18
      },
      "Kankrej Cow": {
        "precision": 0.20833333333333334,
        "recall": 0.18518518518518517,
        "f1": 0.19607843137254902,
        "support": 27
      },
      "Kasaragod Cow": {
        "precision": 0.0,
        "recall": 0.0,
        "f1": 0.0,
        "support": 14
      },
      "Kenkatha Cow": {
        "precision": 0.0,
        "recall": 0.0,
        "f1": 0.0,
        "support": 8
      },
      "Kherigarh Cow": {
        "precision": 0.0,
        "recall": 0.0,
        "f1": 0.0,
        "support": 5
      },
      "Malnad gidda Cow": {
        "precision": 0.3684210526315789,
        "recall": 0.4375,
        "f1": 0.4,
        "support": 16
      },
      "Mehsana Buffalo": {
        "precision": 0.3076923076923077,
        "recall": 0.26666666666666666,
        "f1": 0.2857142857142857,
        "support": 15
      },
      "Nagori Cow": {
        "precision": 0.0,
        "recall": 0.0,
        "f1": 0.0,
        "support": 13
      },
      "Nagpuri Buffalo": {
        "precision": 0.25,
        "recall": 0.45454545454545453,
        "f1": 0.3225806451612903,
        "support": 33
      },
      "Nili ravi Buffalo": {
        "precision": 0.0,
        "recall": 0.0,
        "f1": 0.0,
        "support": 14
      },
      "Nimari Cow": {
        "precision": 1.0,
        "recall": 0.23076923076923078,
        "f1": 0.375,
        "support": 13
      },
      "Pulikulam Cow": {
        "precision": 0.058823529411764705,
        "recall": 0.05263157894736842,
        "f1": 0.05555555555555555,
        "support": 19
      },
      "Rathi Cow": {
        "precision": 0.14285714285714285,
        "recall": 0.09090909090909091,
        "f1": 0.1111111111111111,
        "support": 22
      },
      "Sahiwal Cow": {
        "precision": 0.3275862068965517,
        "recall": 0.5277777777777778,
        "f1": 0.40425531914893614,
        "support": 36
      },
      "Shurti Buffalo": {
        "precision": 0.0,
        "recall": 0.0,
        "f1": 0.0,
        "support": 9
      },
      "Tharparkar Cow": {
        "precision": 0.2857142857142857,
        "recall": 0.7272727272727273,
        "f1": 0.41025641025641024,
        "support": 33
      },
      "Umblachery Cow": {
        "precision": 0.0,
        "recall": 0.0,
        "f1": 0.0,
        "support": 12
      }
    },