{
  "model_name": "mlp",
  "split": "test",
  "loss": 2.6382831914232705,
  "metrics": {
    "accuracy": 0.23965141612200436,
    "macro_precision": 0.1691124485117467,
    "macro_recall": 0.15433803994026662,
    "macro_f1": 0.1335123629487021,
    "weighted_precision": 0.19933703394054736,
    "weighted_recall": 0.23965141612200436,
    "weighted_f1": 0.18996045642391454,
    "per_class": {
      "Alambadi Cow": {
        "precision": 0.0,
        "recall": 0.0,
        "f1": 0.0,
        "support": 14
      },
      "Amritmahal Cow": {
        "precision": 0.0,
        "recall": 0.0,
        "f1": 0.0,
        "support": 14
      },
      "Banni Buffalo": {
        "precision": 0.0,
        "recall": 0.0,
        "f1": 0.0,
        "support": 5
      },
      "Bargur Cow": {
        "precision": 0.0,
        "recall": 0.0,
        "f1": 0.0,
        "support": 9
      },
      "Dangi Cow": {
        "precision": 0.0,
        "recall": 0.0,
        "f1": 0.0,
        "support": 12
      },
      "Deoni Cow": {
        "precision": 0.0,
        "recall": 0.0,
        "f1": 0.0,
        "support": 16
      },
      "Gir Cow": {
        "precision": 0.37735849056603776,
        "recall": 0.5263157894736842,
        "f1": 0.43956043956043955,
        "support": 38
      },
      "Hallikar Cow": {
        "precision": 0.24324324324324326,
        "recall": 0.32142857142857145,
        "f1": 0.27692307692307694,
        "support": 28
      },
      "Jaffrabadi Buffalo": {
        "precision": 0.22727272727272727,
        "recall": 0.3125,
        "f1": 0.2631578947368421,
        "support": 16
      },
      "Kangayam Cow": {
        "precision": 0.25,
        "recall": 0.05555555555555555,
        "f1": 0.09090909090909091,
        "support": 18
      },
      "Kankrej Cow": {
        "precision": 0.17647058823529413,
        "recall": 0.2222222222222222,
        "f1": 0.19672131147540983,
        "support": 27
      },
      "Kasaragod Cow": {
        "precision": 0.0,
        "recall": 0.0,
        "f1": 0.0,
        "support": 14
      },
      "Kenkatha Cow": {
        "precision": 0.25,
        "recall": 0.125,
        "f1": 0.16666666666666666,
        "support": 8
      },
      "Kherigarh Cow": {
        "precision": 0.0,
        "recall": 0.0,
        "f1": 0.0,
        "support": 5
      },
      "Malnad gidda Cow": {
        "precision": 0.21052631578947367,
        "recall": 0.25,
        "f1": 0.22857142857142856,
        "support": 16
      },
      "Mehsana Buffalo": {
        "precision": 0.13333333333333333,
        "recall": 0.13333333333333333,
        "f1": 0.13333333333333333,
        "support": 15
      },
      "Nagori Cow": {
        "precision": 1.0,
        "recall": 0.07692307692307693,
        "f1": 0.14285714285714285,
        "support": 13
      },
      "Nagpuri Buffalo": {
        "precision": 0.20270270270270271,
        "recall": 0.45454545454545453,
        "f1": 0.2803738317757009,
        "support": 33
      },
      "Nili ravi Buffalo": {
        "precision": 0.0,
        "recall": 0.0,
        "f1": 0.0,
        "support": 14
      },
      "Nimari Cow": {
        "precision": 0.6666666666666666,
        "recall": 0.3076923076923077,
        "f1": 0.42105263157894735,
        "support": 13
      },
      "Pulikulam Cow": {
        "precision": 0.0,
        "recall": 0.0,
        "f1": 0.0,
        "support": 19
      },
      "Rathi Cow": {
        "precision": 0.08333333333333333,
        "recall": 0.045454545454545456,
        "f1": 0.058823529411764705,
        "support": 22
      },
      "Sahiwal Cow": {
        "precision": 0.2926829268292683,
        "recall": 0.6666666666666666,
        "f1": 0.4067796610169492,
        "support": 36
      },
      "Shurti Buffalo": {
        "precision": 0.0,
        "recall": 0.0,
        "f1": 0.0,
        "support": 9
      },
      "Tharparkar Cow": {
        "precision": 0.2833333333333333,
        "recall": 0.5151515151515151,
        "f1": 0.3655913978494624,
        "support": 33
      },
      "Umblachery Cow": {
        "precision": 0.0,
        "recall": 0.0,
        "f1": 0.0,
        "support": 12
      }
    },