{
  "model_name": "mlp",
  "split": "test",
  "loss": 2.645849033638283,
  "metrics": {
    "accuracy": 0.2374727668845316,
    "macro_precision": 0.1291394192525057,
    "macro_recall": 0.1481105760711024,
    "macro_f1": 0.11968811499298529,
    "weighted_precision": 0.17348630495960565,
    "weighted_recall": 0.2374727668845316,
    "weighted_f1": 0.18012937776061194,
    "per_class": {
      "Alambadi Cow": {
        "precision": 0.0,
        "recall": 0.0,
        "f1": 0.0,
        "support": 14
      },
      "Amritmahal Cow": {
        "precision": 0.0,
        "recall": 0.0,
        "f1": 0.0,
        "support": 14
      },
      "Banni Buffalo": {
        "precision": 0.0,
        "recall": 0.0,
        "f1": 0.0,
        "support": 5
      },
      "Bargur Cow": {
        "precision": 0.0,
        "recall": 0.0,
        "f1": 0.0,
        "support": 9
      },
      "Dangi Cow": {
        "precision": 0.0,
        "recall": 0.0,
        "f1": 0.0,
        "support": 12
      },
      "Deoni Cow": {
        "precision": 0.0,
        "recall": 0.0,
        "f1": 0.0,
        "support": 16
      },
      "Gir Cow": {
        "precision": 0.31746031746031744,
        "recall": 0.5263157894736842,
        "f1": 0.39603960396039606,
        "support": 38
      },
      "Hallikar Cow": {
        "precision": 0.2727272727272727,
        "recall": 0.42857142857142855,
        "f1": 0.3333333333333333,
        "support": 28
      },
      "Jaffrabadi Buffalo": {
        "precision": 0.2777777777777778,
        "recall": 0.3125,
        "f1": 0.29411764705882354,
        "support": 16
      },
      "Kangayam Cow": {
        "precision": 0.5,
        "recall": 0.05555555555555555,
        "f1": 0.1,
        "support": 18
      },
      "Kankrej Cow": {
        "precision": 0.19230769230769232,
        "recall": 0.18518518518518517,
        "f1": 0.18867924528301888,
        "support": 27
      },
      "Kasaragod Cow": {
        "precision": 0.0,
        "recall": 0.0,
        "f1": 0.0,
        "support": 14
      },
      "Kenkatha Cow": {
        "precision": 0.0,
        "recall": 0.0,
        "f1": 0.0,
        "support": 8
      },
      "Kherigarh Cow": {
        "precision": 0.0,
        "recall": 0.0,
        "f1": 0.0,
        "support": 5
      },
      "Malnad gidda Cow": {
        "precision": 0.16666666666666666,
        "recall": 0.25,
        "f1": 0.2,
        "support": 16
      },
      "Mehsana Buffalo": {
        "precision": 0.2222222222222222,
        "recall": 0.26666666666666666,
        "f1": 0.24242424242424243,
        "support": 15
      },
      "Nagori Cow": {
        "precision": 0.0,
        "recall": 0.0,
        "f1": 0.0,
        "support": 13
      },
      "Nagpuri Buffalo": {
        "precision": 0.16901408450704225,
        "recall": 0.36363636363636365,
        "f1": 0.23076923076923078,
        "support": 33
      },
      "Nili ravi Buffalo": {
        "precision": 0.14285714285714285,
        "recall": 0.07142857142857142,
        "f1": 0.09523809523809523,
        "support": 14
      },
      "Nimari Cow": {
        "precision": 0.0,
        "recall": 0.0,
        "f1": 0.0,
        "support": 13
      },
      "Pulikulam Cow": {
        "precision": 0.07142857142857142,
        "recall": 0.05263157894736842,
        "f1": 0.06060606060606061,
        "support": 19
      },
      "Rathi Cow": {
        "precision": 0.125,
        "recall": 0.045454545454545456,
        "f1": 0.06666666666666667,
        "support": 22
      },
      "Sahiwal Cow": {
        "precision": 0.30120481927710846,
        "recall": 0.6944444444444444,
        "f1": 0.42016806722689076,
        "support": 36
      },
      "Shurti Buffalo": {
        "precision": 0.0,
        "recall": 0.0,
        "f1": 0.0,
        "support": 9
      },
      "Tharparkar Cow": {
        "precision": 0.265625,
        "recall": 0.5151515151515151,
        "f1": 0.35051546391752575,
        "support": 33
      },
      "Umblachery Cow": {
        "precision": 0.3333333333333333,
        "recall": 0.08333333333333333,
        "f1": 0.13333333333333333,
        "support": 12
      }
    },