{
  "model_name": "resnet",
  "split": "test",
  "loss": 1.7832965674223724,
  "metrics": {
    "accuracy": 0.6318082788671024,
    "macro_precision": 0.5841469264608466,
    "macro_recall": 0.5631817378527905,
    "macro_f1": 0.5606227821703,
    "weighted_precision": 0.6451041634662251,
    "weighted_recall": 0.6318082788671024,
    "weighted_f1": 0.6262086655390487,
    "per_class": {
      "Alambadi Cow": {
        "precision": 0.7142857142857143,
        "recall": 0.7142857142857143,
        "f1": 0.7142857142857143,
        "support": 14
      },
      "Amritmahal Cow": {
        "precision": 0.4166666666666667,
        "recall": 0.7142857142857143,
        "f1": 0.5263157894736842,
        "support": 14
      },
      "Banni Buffalo": {
        "precision": 0.0,
        "recall": 0.0,
        "f1": 0.0,
        "support": 5
      },
      "Bargur Cow": {
        "precision": 0.4,
        "recall": 0.4444444444444444,
        "f1": 0.42105263157894735,
        "support": 9
      },
      "Dangi Cow": {
        "precision": 0.7692307692307693,
        "recall": 0.8333333333333334,
        "f1": 0.8,
        "support": 12
      },
      "Deoni Cow": {
        "precision": 0.8181818181818182,
        "recall": 0.5625,
        "f1": 0.6666666666666666,
        "support": 16
      },
      "Gir Cow": {
        "precision": 0.7894736842105263,
        "recall": 0.7894736842105263,
        "f1": 0.7894736842105263,
        "support": 38
      },
      "Hallikar Cow": {
        "precision": 0.8571428571428571,
        "recall": 0.6428571428571429,
        "f1": 0.7346938775510204,
        "support": 28
      },
      "Jaffrabadi Buffalo": {
        "precision": 0.8,
        "recall": 0.75,
        "f1": 0.7741935483870968,
        "support": 16
      },
      "Kangayam Cow": {
        "precision": 0.5333333333333333,
        "recall": 0.4444444444444444,
        "f1": 0.48484848484848486,
        "support": 18
      },
      "Kankrej Cow": {
        "precision": 0.782608695652174,
        "recall": 0.6666666666666666,
        "f1": 0.72,
        "support": 27
      },
      "Kasaragod Cow": {
        "precision": 0.4444444444444444,
        "recall": 0.5714285714285714,
        "f1": 0.5,
        "support": 14
      },
      "Kenkatha Cow": {
        "precision": 0.2857142857142857,
        "recall": 0.25,
        "f1": 0.26666666666666666,
        "support": 8
      },
      "Kherigarh Cow": {
        "precision": 0.25,
        "recall": 0.2,
        "f1": 0.2222222222222222,
        "support": 5
      },
      "Malnad gidda Cow": {
        "precision": 0.8571428571428571,
        "recall": 0.375,
        "f1": 0.5217391304347826,
        "support": 16
      },
      "Mehsana Buffalo": {
        "precision": 0.5,
        "recall": 0.7333333333333333,
        "f1": 0.5945945945945946,
        "support": 15
      },
      "Nagori Cow": {
        "precision": 0.5454545454545454,
        "recall": 0.46153846153846156,
        "f1": 0.5,
        "support": 13
      },
      "Nagpuri Buffalo": {
        "precision": 0.5333333333333333,
        "recall": 0.48484848484848486,
        "f1": 0.5079365079365079,
        "support": 33
      },
      "Nili ravi Buffalo": {
        "precision": 0.6,
        "recall": 0.6428571428571429,
        "f1": 0.6206896551724138,
        "support": 14
      },
      "Nimari Cow": {
        "precision": 0.7,
        "recall": 0.5384615384615384,
        "f1": 0.6086956521739131,
        "support": 13
      },
      "Pulikulam Cow": {
        "precision": 0.4666666666666667,
        "recall": 0.3684210526315789,
        "f1": 0.4117647058823529,
        "support": 19
      },
      "Rathi Cow": {
        "precision": 0.4838709677419355,
        "recall": 0.6818181818181818,
        "f1": 0.5660377358490566,
        "support": 22
      },
      "Sahiwal Cow": {
        "precision": 0.8378378378378378,
        "recall": 0.8611111111111112,
        "f1": 0.8493150684931506,
        "support": 36
      },
      "Shurti Buffalo": {
        "precision": 0.5,
        "recall": 0.2222222222222222,
        "f1": 0.3076923076923077,
        "support": 9
      },
      "Tharparkar Cow": {
        "precision": 0.6595744680851063,
        "recall": 0.9393939393939394,
        "f1": 0.775,
        "support": 33
      },
      "Umblachery Cow": {
        "precision": 0.6428571428571429,
        "recall": 0.75,
        "f1": 0.6923076923076923,
        "support": 12
      }
    },