{
  "model_name": "vit",
  "split": "test",
  "loss": 1.6927242819260409,
  "metrics": {
    "accuracy": 0.6318082788671024,
    "macro_precision": 0.5648090261838506,
    "macro_recall": 0.5511250782505843,
    "macro_f1": 0.5465106856964207,
    "weighted_precision": 0.6342167357076742,
    "weighted_recall": 0.6318082788671024,
    "weighted_f1": 0.6212151582420935,
    "per_class": {
      "Alambadi Cow": {
        "precision": 0.6923076923076923,
        "recall": 0.6428571428571429,
        "f1": 0.6666666666666666,
        "support": 14
      },
      "Amritmahal Cow": {
        "precision": 0.5,
        "recall": 0.5,
        "f1": 0.5,
        "support": 14
      },
      "Banni Buffalo": {
        "precision": 0.0,
        "recall": 0.0,
        "f1": 0.0,
        "support": 5
      },
      "Bargur Cow": {
        "precision": 0.6666666666666666,
        "recall": 0.6666666666666666,
        "f1": 0.6666666666666666,
        "support": 9
      },
      "Dangi Cow": {
        "precision": 0.7692307692307693,
        "recall": 0.8333333333333334,
        "f1": 0.8,
        "support": 12
      },
      "Deoni Cow": {
        "precision": 0.7333333333333333,
        "recall": 0.6875,
        "f1": 0.7096774193548387,
        "support": 16
      },
      "Gir Cow": {
        "precision": 0.7878787878787878,
        "recall": 0.6842105263157895,
        "f1": 0.7323943661971831,
        "support": 38
      },
      "Hallikar Cow": {
        "precision": 0.9,
        "recall": 0.6428571428571429,
        "f1": 0.75,
        "support": 28
      },
      "Jaffrabadi Buffalo": {
        "precision": 0.7,
        "recall": 0.875,
        "f1": 0.7777777777777778,
        "support": 16
      },
      "Kangayam Cow": {
        "precision": 0.47619047619047616,
        "recall": 0.5555555555555556,
        "f1": 0.5128205128205128,
        "support": 18
      },
      "Kankrej Cow": {
        "precision": 0.72,
        "recall": 0.6666666666666666,
        "f1": 0.6923076923076923,
        "support": 27
      },
      "Kasaragod Cow": {
        "precision": 0.875,
        "recall": 0.5,
        "f1": 0.6363636363636364,
        "support": 14
      },
      "Kenkatha Cow": {
        "precision": 0.09090909090909091,
        "recall": 0.125,
        "f1": 0.10526315789473684,
        "support": 8
      },
      "Kherigarh Cow": {
        "precision": 0.0,
        "recall": 0.0,
        "f1": 0.0,
        "support": 5
      },
      "Malnad gidda Cow": {
        "precision": 0.75,
        "recall": 0.5625,
        "f1": 0.6428571428571429,
        "support": 16
      },
      "Mehsana Buffalo": {
        "precision": 0.5454545454545454,
        "recall": 0.4,
        "f1": 0.46153846153846156,
        "support": 15
      },
      "Nagori Cow": {
        "precision": 0.4,
        "recall": 0.15384615384615385,
        "f1": 0.2222222222222222,
        "support": 13
      },
      "Nagpuri Buffalo": {
        "precision": 0.6176470588235294,
        "recall": 0.6363636363636364,
        "f1": 0.6268656716417911,
        "support": 33
      },
      "Nili ravi Buffalo": {
        "precision": 0.45454545454545453,
        "recall": 0.7142857142857143,
        "f1": 0.5555555555555556,
        "support": 14
      },
      "Nimari Cow": {
        "precision": 0.8888888888888888,
        "recall": 0.6153846153846154,
        "f1": 0.7272727272727273,
        "support": 13
      },
      "Pulikulam Cow": {
        "precision": 0.5555555555555556,
        "recall": 0.5263157894736842,
        "f1": 0.5405405405405406,
        "support": 19
      },
      "Rathi Cow": {
        "precision": 0.5172413793103449,
        "recall": 0.6818181818181818,
        "f1": 0.5882352941176471,
        "support": 22
      },
      "Sahiwal Cow": {
        "precision": 0.7619047619047619,
        "recall": 0.8888888888888888,
        "f1": 0.8205128205128205,
        "support": 36
      },
      "Shurti Buffalo": {
        "precision": 0.14285714285714285,
        "recall": 0.1111111111111111,
        "f1": 0.125,
        "support": 9
      },
      "Tharparkar Cow": {
        "precision": 0.5769230769230769,
        "recall": 0.9090909090909091,
        "f1": 0.7058823529411765,
        "support": 33
      },
      "Umblachery Cow": {
        "precision": 0.5625,
        "recall": 0.75,
        "f1": 0.6428571428571429,
        "support": 12
      }
    },